store_nbr,family,sales_mean,sales_std
1,0,3.2699275362318843,2.7728008232871626
1,1,0.0,0.0
1,2,2.4269323671497585,1.9020038433705757
1,3,1598.9396135265702,726.8237625791822
1,4,0.12741545893719808,0.5408482417860412
1,5,339.5254902705314,111.30256395797782
1,6,10.13647342995169,33.489892572754535
1,7,640.3266908212561,217.69003749166217
1,8,630.2795893719807,209.85030134093813
1,9,123.15671200845411,41.18896704666837
1,10,140.32487922705315,37.320650390966385
1,11,130.4285144806763,173.72560992465716
1,12,2231.6751207729467,779.539338449522
1,13,21.81461352657005,13.631935278146948
1,14,1.5942028985507246,1.668131061205071
1,15,15.10024154589372,24.242024382571397
1,16,13.16183574879227,17.38518013220451
1,17,0.3423913043478261,0.6877715362410057
1,18,102.69444444444444,89.03291556334263
1,19,9.56219806763285,9.67388466288054
1,20,9.080917874396135,7.586645804626215
1,21,6.625603864734299,5.618370515409255
1,22,101.30797101449275,66.63461687465295
1,23,3.260265700483092,4.231861987473388
1,24,313.5936468508454,166.87489247372122
1,25,129.69504830917873,52.309807987792475
1,26,3.532608695652174,3.770632194778346
1,27,5.382246376811594,5.977553078958755
1,28,286.1869399281401,130.06765876335126
1,29,81.1748556147343,29.107118934409957
1,30,1475.4408016304346,1338.3015494301978
1,31,0.17451690821256038,0.5320907933828225
1,32,25.974709294746376,11.041536044711899
2,0,5.434782608695652,3.4760254868658347
2,1,0.050724637681159424,0.31454098377506995
2,2,4.729468599033816,3.967907659939294
2,3,2487.9299516908213,1156.8500402533066
2,4,0.14432367149758454,0.6689065986904661
2,5,552.3293997644928,188.12611589915323
2,6,8.082125603864734,8.775509415942162
2,7,966.43538647343,211.6618449510161
2,8,860.0277777777778,276.87769363740944
2,9,245.35920381038648,69.56703466632592
2,10,187.100845410628,52.02379283013577
2,11,161.97568117330917,181.19612057948214
2,12,3936.1303121980677,3613.977786309693
2,13,31.443840579710145,15.763907247452718
2,14,1.1805555555555556,1.3741273284293882
2,15,17.903985507246375,23.317041648460542
2,16,14.652173913043478,24.08682246414588
2,17,0.4867149758454106,0.7654581115416004
2,18,180.32669082125605,164.90696500118082
2,19,17.83756038647343,18.06405694520513
2,20,8.266908212560386,8.115853962511565
2,21,9.094202898550725,6.212710115363388
2,22,87.08091787439614,81.89581900436484
2,23,3.9003623188405796,5.048798713427401
2,24,504.6585509480676,196.072688597519
2,25,264.3333333333333,153.70347329819026
2,26,5.519323671497585,5.451316071730256
2,27,5.798913043478261,6.2444676683698335
2,28,490.204428919686,153.21693868733172
2,29,125.59950608695652,40.82923675341862
2,30,1679.7066251811596,1427.400013169831
2,31,0.46497584541062803,1.0241697246032255
2,32,32.268187786352655,11.34324614125798
3,0,9.342995169082126,5.289742610427168
3,1,0.4057971014492754,1.1007562211975859
3,2,9.670893719806763,6.4558756617750115
3,3,6795.700483091788,3118.6308677186184
3,4,0.32608695652173914,1.1726781503881363
3,5,1155.7991977596619,322.37692460617995
3,6,29.257246376811594,40.36892116964351
3,7,2065.0211352657007,482.7434603343988
3,8,2055.8985507246375,636.7114382220991
3,9,395.4888712258454,117.0178458167713
3,10,522.9311594202899,124.76464405490601
3,11,452.3150563828503,451.4335777017873
3,12,7739.616528381643,2231.9563693456616
3,13,77.52717391304348,31.93421085710134
3,14,3.0066425120772946,2.2487226226136645
3,15,44.45471014492754,39.4919595110024
3,16,35.51207729468599,37.23695463657993
3,17,1.9094202898550725,1.720748281599416
3,18,329.8816425120773,282.52381211509186
3,19,31.39975845410628,32.620803696084494
3,20,24.764492753623188,21.50416459593656
3,21,27.10990338164251,13.10293889186514
3,22,220.725845410628,161.34875164653485
3,23,12.364734299516908,14.916154394592404
3,24,813.038951763285,254.35539839276748
3,25,505.22222222222223,201.47230319829455
3,26,11.882850241545894,11.276403000090914
3,27,17.97403381642512,17.436460106910538
3,28,1141.919699655797,400.4409877279815
3,29,368.4624601751207,86.44292019272915
3,30,5201.277846256038,4376.0074326708045
3,31,0.7632850241545893,1.3688833143770218
3,32,106.28445972644928,30.65204264981326
4,0,4.018719806763285,2.885574045942423
4,1,0.014492753623188406,0.16240669905862853
4,2,4.1020531400966185,2.9009585892858696
4,3,2196.123188405797,1132.327258020637
4,4,0.1606280193236715,0.6701548483457169
4,5,407.1174016183575,122.57501625974409
4,6,6.490942028985507,8.642474473985754
4,7,884.5332125603865,228.12876283143794
4,8,795.2983091787439,277.5680626204457
4,9,216.5175033719807,69.05738623882144
4,10,172.1503623188406,57.42021686657582
4,11,151.65122276811593,219.1586825891521
4,12,3359.5359842995167,991.8312771071113
4,13,20.7530193236715,12.197022689139525
4,14,1.1431159420289856,1.3946556433717248
4,15,14.057971014492754,17.10861754878457
4,16,9.007246376811594,11.184687229648507
4,17,0.3973429951690821,0.6998266117495366
4,18,156.35507246376812,134.2283872736516
4,19,15.452294685990339,16.544551795893568
4,20,9.423309178743962,8.833206377287157
4,21,4.350845410628019,5.5223336071935245
4,22,83.65821256038647,80.89140289562587
4,23,3.55012077294686,4.627635362563606
4,24,369.2291219021739,103.01899950947845
4,25,228.27898550724638,87.56941177355236
4,26,4.315821256038648,4.595927889119782
4,27,5.493961352657005,5.905087141367682
4,28,451.91117196859904,157.09038498984975
4,29,99.81697283876811,37.402047619646495
4,30,1593.954230736715,1393.7070507759229
4,31,0.2113526570048309,0.692657464095316
4,32,32.746941246376814,11.890200031647794
5,0,5.475845410628019,3.265403545052179
5,1,0.12983091787439613,0.5391536125443658
5,2,5.172101449275362,3.140414955835897
5,3,1517.717995169082,666.3476956837528
5,4,0.1388888888888889,0.5669953433397101
5,5,382.1607161171498,87.0817522097577
5,6,15.806763285024154,15.32306998834761
5,7,989.0954106280193,227.24046505360047
5,8,521.0193236714975,144.76295736743523
5,9,246.52108430555558,62.90447294656539
5,10,112.80857487922705,35.143076726929856
5,11,161.19819818297103,311.44524354329616
5,12,3129.4381992753624,729.7149118192549
5,13,19.82669082125604,16.31201177835588
5,14,1.0271739130434783,1.213164739490822
5,15,18.180555555555557,18.038746714071753
5,16,22.48671497584541,33.2151978803271
5,17,0.5567632850241546,0.8693033816279603
5,18,144.4945652173913,121.04721295844539
5,19,8.945048309178745,10.008998953845872
5,20,2.9770531400966185,7.464685358682114
5,21,18.36231884057971,10.020601398323352
5,22,65.81461352657004,54.85782825685868
5,23,3.9667874396135265,4.641541916762435
5,24,282.4556087173913,69.07393009742778
5,25,267.7590579710145,81.78819770274006
5,26,1.9317632850241546,2.337826249259496
5,27,4.845410628019324,5.128230327953249
5,28,250.40242387439616,77.29910353893945
5,29,87.90949818538648,24.28433689102783
5,30,998.540011268116,841.270097312326
5,31,0.49094202898550726,3.026555591676356
5,32,13.279521132669082,6.425345270592099
6,0,5.391304347826087,3.7650350987245282
6,1,0.007246376811594203,0.12986873102499627
6,2,5.674516908212561,3.994374035523662
6,3,3033.8562801932367,1612.151358744372
6,4,0.04589371980676329,0.41462105677578004
6,5,547.9682011835748,165.86750163493147
6,6,9.51268115942029,10.255636831770483
6,7,1236.8502415458938,342.97342507561547
6,8,965.0048309178744,352.6353696158977
6,9,342.924325942029,110.5488077957681
6,10,204.67028985507247,68.61521053508422
6,11,226.35430298248792,251.59422683402332
6,12,4653.722324275363,1440.3394717062642
6,13,35.190821256038646,16.859176824275877
6,14,0.9353864734299517,1.218211842102959
6,15,17.71195652173913,19.853414528377005
6,16,29.86533816425121,44.24499883261682
6,17,0.3991545893719807,0.7969575138027875
6,18,205.51388888888889,180.51677358950192
6,19,19.59842995169082,21.205311366774556
6,20,7.842995169082125,8.597799857117998
6,21,8.007246376811594,5.678065765908386
6,22,93.80314009661836,84.74143300343239
6,23,3.720410628019324,4.883015147527254
6,24,495.34587341787443,127.19307644971728
6,25,322.2916666666667,132.1173151777937
6,26,6.008454106280193,6.000195447094251
6,27,7.901570048309178,8.127271457266918
6,28,634.7122709963769,217.94191050244504
6,29,140.6078459311594,45.839209628743994
6,30,1747.212379589372,1512.9032395229913
6,31,0.2693236714975845,1.2156784542949275
6,32,43.44685073429952,16.227483787315716
7,0,4.2771739130434785,3.486337353346228
7,1,0.028985507246376812,0.18818371118508662
7,2,3.657608695652174,2.342419041723764
7,3,3349.592391304348,1304.422905554105
7,4,0.12741545893719808,0.7488623146229133
7,5,646.2293379951691,162.37727422321404
7,6,11.452294685990339,11.591752231943348
7,7,1053.480072463768,230.01987217762505
7,8,1235.4770531400966,329.73253202488235
7,9,169.49472770410628,34.39100517407718
7,10,285.6225845410628,45.72404495682102
7,11,259.7597191243961,166.37443441087692
7,12,3730.814007246377,938.5026234531794
7,13,40.07548309178744,17.626291208318296
7,14,2.0766908212560384,1.9789313643565627
7,15,14.733091787439614,18.88220803838531
7,16,14.108695652173912,18.278946910879764
7,17,0.7747584541062802,1.0367812447547995
7,18,152.96014492753622,126.2165486048927
7,19,7.399154589371981,7.8289554278649165
7,20,19.230676328502415,15.33957781420773
7,21,8.845410628019323,6.101380415387705
7,22,160.33031400966183,112.93132506175354
7,23,6.746376811594203,7.559451308469256
7,24,523.1345030253624,149.39206962978264
7,25,214.52717391304347,64.71714322102902
7,26,3.9136473429951693,4.184610820141015
7,27,7.027777777777778,7.377303407908586
7,28,611.1701929227053,207.09992517320168
7,29,180.3527964673913,37.895338237069744
7,30,3367.653503623188,2810.5884077891933
7,31,0.32367149758454106,0.9490055463833055
7,32,57.692081985507244,17.56112432560315
8,0,5.268115942028985,3.861261359719112
8,1,0.08574879227053141,0.3611191662933464
8,2,7.246376811594203,4.520879941408997
8,3,3797.740338164251,1771.8578319503367
8,4,0.19142512077294685,0.8071875895116432
8,5,756.4962936714976,209.2183835621915
8,6,15.082125603864734,16.311411143280043
8,7,1261.7807971014493,271.6885695226683
8,8,1419.7687198067633,424.21926185252227
8,9,279.3744992451691,72.62092514286023
8,10,327.3762077294686,91.52032651112896
8,11,239.02159295652174,255.2706286639418
8,12,4718.682367149759,1336.5358231642274
8,13,41.46980676328502,18.370449315662185
8,14,2.407608695652174,2.0787900458303534
8,15,30.22222222222222,28.111175726719498
8,16,26.130434782608695,28.91713158572607
8,17,1.1884057971014492,1.4157545555332682
8,18,236.68176328502415,201.7391203567792
8,19,25.235507246376812,25.4154858254283
8,20,16.9987922705314,15.142385592792511
8,21,22.214975845410628,11.47158498174398
8,22,148.18538647342996,98.39514051798739
8,23,8.375,10.01232246826175
8,24,518.1106646980677,181.8393539187235
8,25,328.57910628019323,163.64107735415894
8,26,10.326086956521738,10.143022933310686
8,27,11.448067632850242,11.18748582854983
8,28,604.5420348550724,223.90850044774157
8,29,211.7456889764493,56.9549128990302
8,30,3111.2478339975846,2685.3145058722307
8,31,0.428743961352657,1.016953506065177
8,32,55.69093087560387,18.761711265008483
9,0,13.972826086956522,8.158023025348887
9,1,0.2028985507246377,0.5898569066871038
9,2,5.550724637681159,4.1147982246114765
9,3,2770.5700483091787,1541.924877358347
9,4,0.0,0.0
9,5,566.7856280193237,153.52065882994762
9,6,9.817028985507246,12.84388153635829
9,7,1726.806763285024,574.4794854938895
9,8,753.5259661835748,326.0358819274374
9,9,587.8998291545894,178.55301206644515
9,10,193.93780193236714,88.52723340042968
9,11,126.2635844039855,220.45060467999116
9,12,6184.178719806764,2368.3245763545656
9,13,11.429347826086957,15.680452042308877
9,14,1.8840579710144927,1.781024371801668
9,15,33.7475845410628,45.839919082315255
9,16,19.92572463768116,18.36593234153052
9,17,0.3997584541062802,0.7501701331227408
9,18,293.7071256038647,254.4758952086551
9,19,9.63647342995169,10.688536282293471
9,20,4.268719806763285,5.726042679281114
9,21,9.03743961352657,8.097356203650572
9,22,51.742753623188406,54.970579404134675
9,23,1.684782608695652,2.837327422303064
9,24,377.542575839372,95.65138552296055
9,25,445.7330917874396,177.82343329817857
9,26,3.4396135265700485,3.965863503055576
9,27,6.941425120772947,7.4147447712098815
9,28,485.6116255736715,163.97611731211697
9,29,89.38401506642512,34.90346022369935
9,30,985.5208292693237,878.7173707280002
9,31,6.153381642512077,22.464164696383097
9,32,16.854855198248792,9.393208834628336
10,0,3.106280193236715,2.6628579569867825
10,1,0.2783816425120773,1.1578357930844054
10,2,1.3665458937198067,1.4057513806203636
10,3,903.0265700483092,414.39240625654867
10,4,0.0,0.0
10,5,113.72765700483092,37.12129357989594
10,6,2.6654589371980677,3.830128948884121
10,7,778.6256038647343,331.7157191830218
10,8,253.81219806763286,114.94863845447323
10,9,250.4987922705314,75.294892552297
10,10,49.216183574879224,31.042574860113255
10,11,44.053829102053136,77.66370862143832
10,12,2462.6003466183574,679.3635608077483
10,13,3.717995169082126,4.878790879872128
10,14,0.6847826086956522,1.0001379124656433
10,15,7.5102657004830915,8.544598671385362
10,16,5.48731884057971,5.5750704110358384
10,17,0.18297101449275363,0.45028341703287383
10,18,121.70591787439614,104.44941759075657
10,19,3.3152173913043477,4.962058857955249
10,20,0.01570048309178744,0.21929823178726998
10,21,3.2282608695652173,4.108624588208372
10,22,12.233695652173912,17.28968677422529
10,23,0.25181159420289856,0.638159440446075
10,24,186.35882777113528,53.91993312493042
10,25,179.06400966183574,59.25996399181904
10,26,0.3363526570048309,0.7494818230286427
10,27,2.3580917874396135,2.838944909543852
10,28,176.33171743297103,70.4399572516818
10,29,20.9993961352657,12.587170358788727
10,30,151.41236834541064,132.44983320755568
10,31,0.5181159420289855,3.0567103658785797
10,32,2.856280193236715,2.9045016301650834
11,0,6.716787439613527,4.244646410190138
11,1,0.19202898550724637,0.5790578777164123
11,2,4.7771739130434785,3.5497991240484987
11,3,3671.350845410628,1276.6790475402545
11,4,0.0,0.0
11,5,607.8109903381643,130.47575005900418
11,6,10.309782608695652,11.385634705919559
11,7,1947.7614734299516,566.2489821960561
11,8,518.5929951690821,229.24753792079366
11,9,432.8373214915459,139.9669312479024
11,10,159.16727053140096,129.35000567224387
11,11,103.43073244565217,113.29830571941197
11,12,6600.923585748793,2060.56424949459
11,13,17.608091787439612,13.519922673808793
11,14,0.7252415458937198,1.07708482678834
11,15,23.914251207729468,25.529744794805815
11,16,14.134661835748792,13.674351813855033
11,17,0.41304347826086957,0.7130540505987369
11,18,335.0416666666667,288.4969216326943
11,19,7.977657004830918,9.123661125438085
11,20,1.6473429951690821,3.120737412776629
11,21,11.003019323671497,6.930774879117348
11,22,44.477053140096615,61.10292009981746
11,23,1.4939613526570048,2.475247811882183
11,24,620.7403542995169,152.63426680484542
11,25,393.536231884058,158.61260226994597
11,26,1.0271739130434783,1.525964045521848
11,27,7.893719806763285,8.721792502853646
11,28,513.8358688285024,224.77850796082296
11,29,55.480373184782614,34.48363655975758
11,30,803.0491410024155,750.6144761076247
11,31,4.029589371980676,10.288748147445084
11,32,8.375,6.213625268135317
12,0,4.770531400966184,3.3367677915134664
12,1,0.10809178743961352,0.4169023808943205
12,2,0.9631642512077294,1.1764951326607447
12,3,1306.983695652174,615.7288818362845
12,4,0.0,0.0
12,5,185.78079710144928,75.56302037335655
12,6,6.246376811594203,8.384040307613002
12,7,773.5277777777778,300.76285558631804
12,8,339.05676328502415,153.1485045623973
12,9,197.7747584541063,72.56453314974678
12,10,75.57246376811594,54.34363807849026
12,11,48.12781345169082,55.764592191239295
12,12,2509.149099033816,829.2339706605237
12,13,6.3478260869565215,6.770812255151478
12,14,0.9710144927536232,1.3735984223097035
12,15,10.497584541062801,12.135638020891912
12,16,8.504227053140097,8.265312454844663
12,17,0.2252415458937198,0.5334632350887216
12,18,114.55314009661836,98.49126918127038
12,19,1.318840579710145,3.4773025081925493
12,20,0.00966183574879227,0.1964110164642792
12,21,6.458333333333333,5.415939605709138
12,22,38.62016908212561,41.25216893576547
12,23,0.7602657004830918,1.4801456372966588
12,24,146.51942589673914,287.1280748903156
12,25,156.46316425120773,72.03261997312711
12,26,0.5265700483091788,0.9586089234938574
12,27,2.9927536231884058,3.6451277785201346
12,28,180.0980347807971,103.54939908910285
12,29,33.49154589371981,21.686197618660504
12,30,206.5489953442029,172.10324914516792
12,31,0.5543478260869565,3.006449130119333
12,32,2.71256038647343,2.899231979138413
13,0,5.557367149758454,3.531348614014149
13,1,0.0,0.0
13,2,1.28743961352657,1.4710044955602672
13,3,1300.5851449275362,569.3696859437118
13,4,0.0,0.0
13,5,164.03502415458937,102.1199637195885
13,6,4.175724637681159,6.880853251490015
13,7,782.0742753623189,379.35578232785303
13,8,272.7300724637681,115.43366372284183
13,9,159.5090579710145,58.628256203442255
13,10,52.733695652173914,41.168062884733054
13,11,33.65262501147343,69.90973632998472
13,12,2731.443707125604,901.7967202162602
13,13,7.329106280193237,7.914865629427961
13,14,0.5332125603864735,1.7578779622082303
13,15,10.856884057971014,16.15673012747094
13,16,8.21316425120773,10.45004670537919
13,17,0.15760869565217392,0.4298978522913353
13,18,108.76570048309179,94.05573680779742
13,19,2.76268115942029,3.9470616012905078
13,20,0.012681159420289856,0.23155026684031502
13,21,3.0144927536231885,3.0283306972706994
13,22,32.53019323671498,34.89012958127679
13,23,0.46799516908212563,1.0266255238107953
13,24,153.36562482487923,47.23853438252
13,25,180.92814009661836,74.31448830075287
13,26,0.24516908212560387,0.5952791889388451
13,27,2.4154589371980677,3.507106660858647
13,28,119.5504785754831,59.25189275425368
13,29,27.779589371980677,17.0125340344221
13,30,120.484417705314,102.75975632315767
13,31,0.4281400966183575,2.484690121098352
13,32,2.0144927536231885,2.422658919042034
14,0,3.631038647342995,3.302435667424618
14,1,0.006642512077294686,0.11769932599495857
14,2,1.2421497584541064,1.5440946754272282
14,3,971.9776570048309,515.1655787400937
14,4,0.0,0.0
14,5,191.01328502415458,59.35543868380647
14,6,4.753623188405797,6.163310125120312
14,7,1092.034420289855,508.8031504859584
14,8,355.6262077294686,155.956546784498
14,9,221.9836956521739,94.50816732807571
14,10,37.63768115942029,19.10768670076979
14,11,62.190805974637684,151.67248926394146
14,12,2657.209849637681,862.7070275810131
14,13,6.06280193236715,6.762499609329645
14,14,0.3417874396135266,0.7235980545295007
14,15,12.41364734299517,20.01959239091841
14,16,12.60024154589372,11.163529309701707
14,17,0.19685990338164253,0.4701505007463191
14,18,156.35386473429952,136.19487245909252
14,19,0.9776570048309179,4.301350403368125
14,20,0.0,0.0
14,21,4.697463768115942,4.3651620919870675
14,22,25.32427536231884,27.417890206981216
14,23,0.8115942028985508,1.3533481790875126
14,24,299.04348923369565,127.51803316060781
14,25,274.83937198067633,109.39115014422904
14,26,0.44867149758454106,0.8305485674159383
14,27,3.03743961352657,3.529220170442334
14,28,95.36413422463768,57.42125876254395
14,29,61.09963768115942,31.307967961442145
14,30,232.3021926690821,199.35035502230585
14,31,0.33756038647342995,1.7492862150638175
14,32,4.243961352657005,4.081454602198166
15,0,2.7010869565217392,2.249006231492479
15,1,0.9541062801932367,3.3427119692763867
15,2,1.9269323671497585,1.7695236043521965
15,3,1246.9142512077294,527.0452217357486
15,4,0.0,0.0
15,5,152.73007246376812,40.28040944591671
15,6,3.070048309178744,4.46441955143102
15,7,874.2451690821256,276.57860501141806
15,8,305.7228260869565,107.58314925830481
15,9,272.6346618357488,68.67967579508219
15,10,79.28925120772946,43.752727657198854
15,11,64.85094504166666,63.08560100677474
15,12,2731.2766352657004,686.5940155939837
15,13,9.698671497584542,9.163392196243263
15,14,0.9172705314009661,1.1940603411761672
15,15,30.018719806763286,88.1674197715677
15,16,10.614734299516908,10.244391302658693
15,17,0.11594202898550725,0.35768568831059616
15,18,149.40519323671498,121.47462807543533
15,19,5.727657004830918,6.56670045529674
15,20,0.009057971014492754,0.2317203888985354
15,21,4.7481884057971016,3.7372942508386857
15,22,24.67391304347826,24.45393861163142
15,23,0.7620772946859904,1.3708793689354941
15,24,125.97129622946859,29.758321737176107
15,25,181.90579710144928,51.46086598282833
15,26,0.4057971014492754,0.861848062757353
15,27,2.7131642512077296,3.159673490658041
15,28,126.02020530193238,53.2049195464347
15,29,31.04770531400966,14.433915064763038
15,30,396.29632193840575,345.06369897224886
15,31,0.4384057971014493,2.686850309729004
15,32,5.240942028985507,3.896614389978847
16,0,5.779589371980676,3.727464015705909
16,1,0.09541062801932366,0.41782426000594386
16,2,0.873792270531401,1.2173525294636631
16,3,1096.286231884058,572.6895946306689
16,4,0.0,0.0
16,5,202.03743961352657,75.12515108487338
16,6,3.676328502415459,4.986538499785769
16,7,1002.7874396135265,501.57061785968614
16,8,247.17632850241546,101.78110661064056
16,9,214.56763285024155,75.29457327340015
16,10,179.2650966183575,106.10114487676287
16,11,42.04222344112319,67.21265020622903
16,12,2563.225995169082,815.1068694130346
16,13,5.88768115942029,7.902009713992484
16,14,0.5917874396135265,0.9727552388914599
16,15,12.777173913043478,12.848378579776234
16,16,7.897342995169082,9.440945351468416
16,17,0.12620772946859904,0.3716726173205379
16,18,136.52717391304347,125.70992547866423
16,19,0.0,0.0
16,20,0.016304347826086956,0.22603876710613482
16,21,3.8949275362318843,3.909375004429662
16,22,36.091787439613526,43.900932474039124
16,23,0.5905797101449275,1.0585325998482744
16,24,76.31023098067632,26.66171484446726
16,25,197.06884057971016,78.39998208957611
16,26,0.27053140096618356,0.7619350196965418
16,27,1.9873188405797102,2.5692503868332897
16,28,94.42209528061595,34.818406185499136
16,29,41.84299516908212,14.270269492412506
16,30,378.6126198309179,338.1490220641682
16,31,1.4172705314009661,7.610720141033773
16,32,2.754830917874396,2.901032356373029
17,0,6.155797101449275,4.6601611908785285
17,1,0.15519323671497584,0.5675597513904057
17,2,1.8417874396135265,2.043418187924939
17,3,2424.5030193236717,1276.8269488825367
17,4,0.0,0.0
17,5,253.35507246376812,113.37583734593555
17,6,4.742149758454106,6.778805514063554
17,7,1069.2445652173913,319.8870192839918
17,8,551.9794685990338,278.7333556754952
17,9,427.21316425120773,157.3211654402546
17,10,182.45048309178745,130.57368175994173
17,11,97.27185993236715,95.19311254943418
17,12,3858.5768218599037,1412.2551751645656
17,13,8.23671497584541,8.870781248423544
17,14,0.7409420289855072,1.1920847032991198
17,15,17.217391304347824,17.057495435496506
17,16,15.972826086956522,21.379123809180903
17,17,0.17451690821256038,0.4882700292524674
17,18,192.856884057971,168.89602279069405
17,19,1.9384057971014492,4.314502865874596
17,20,0.125,0.9253479789653327
17,21,5.326086956521739,5.83591925069145
17,22,39.26751207729468,42.97472377426264
17,23,1.2832125603864735,2.099082422061962
17,24,253.64825966666666,142.80510337575254
17,25,229.7747584541063,106.07012155052061
17,26,1.0283816425120773,1.7163979113867067
17,27,5.2228260869565215,6.4843188571845625
17,28,303.12744164855076,105.86800994586653
17,29,65.72705314009661,28.469314885361918
17,30,762.441321678744,705.8909168799579
17,31,0.5917874396135265,3.0905809844196024
17,32,11.142791062801932,7.401967272743917
18,0,3.8333333333333335,3.3455566419824656
18,1,0.10084541062801933,0.43845293554943365
18,2,2.0030193236714977,2.2430806534213734
18,3,1659.1781400966183,1108.3655527209482
18,4,0.0,0.0
18,5,659.2709450483092,233.56940173437422
18,6,4.745169082125604,44.011427116481904
18,7,601.2506038647343,307.50201924952523
18,8,477.29891304347825,240.87286016940436
18,9,205.95322558333336,95.60409032030033
18,10,162.16787439613526,82.18894792291387
18,11,57.033863475241546,64.6825318319443
18,12,2469.6155416666666,1181.259236720017
18,13,16.70229468599034,10.764949032008845
18,14,0.9432367149758454,1.3279846965248
18,15,14.604468599033817,28.534093954143803
18,16,8.542874396135266,9.250294546396354
18,17,0.17330917874396135,0.4862211808190065
18,18,110.72705314009661,113.84596746025012
18,19,6.384057971014493,8.215810383649403
18,20,1.4208937198067633,3.673670265403412
18,21,4.322463768115942,4.716225406326396
18,22,57.26932367149758,66.77354923265186
18,23,1.1757246376811594,2.116810022405783
18,24,98.60069431702898,55.50746049474018
18,25,150.1014492753623,173.6940341416129
18,26,1.8713768115942029,2.521880473851305
18,27,4.371980676328502,5.4890641019243205
18,28,195.96261198852656,150.6668465186996
18,29,50.11091244927536,24.74837295026331
18,30,890.3002557004831,942.5594539585336
18,31,1.9583333333333333,8.592771675980261
18,32,9.292674937379227,7.126859938134567
19,0,6.605072463768116,4.173120532603882
19,1,0.12077294685990338,0.4649954751610528
19,2,1.6129227053140096,1.6417666878902215
19,3,1975.5615942028985,894.5441606865273
19,4,0.0,0.0
19,5,179.9824879227053,54.747630235515096
19,6,5.350845410628019,9.320450140719299
19,7,931.8272946859903,343.16475622237226
19,8,293.2161835748792,138.48107531831693
19,9,276.231884057971,105.13015083320556
19,10,65.44625603864735,38.16574773502647
19,11,61.80067564855072,114.88370092243181
19,12,3043.388675724638,1019.9461506479356
19,13,9.907004830917874,12.220078538321921
19,14,1.2826086956521738,1.4579170529194132
19,15,14.42451690821256,17.484089696513387
19,16,8.660024154589372,10.09039487036556
19,17,0.16545893719806765,0.4429128051836015
19,18,127.33272946859903,114.14985027525317
19,19,5.367753623188406,6.92676572506654
19,20,0.016304347826086956,0.4693376335486778
19,21,4.480676328502415,4.234185550544798
19,22,33.908212560386474,44.9972677808296
19,23,1.039855072463768,1.7307193491112747
19,24,141.55931515640097,49.02092915959884
19,25,188.32185990338164,79.93082904124947
19,26,0.5785024154589372,0.9819503023925317
19,27,3.0120772946859904,3.67006000709162
19,28,123.13987876449275,90.04183022530094
19,29,33.606280193236714,13.004839784338316
19,30,270.018819263285,234.7156365233809
19,31,0.5362318840579711,3.214941146929668
19,32,4.333333333333333,4.236797513713095
20,0,4.57487922705314,5.807418683708143
20,1,0.3170289855072464,0.8734277311697012
20,2,2.8973429951690823,4.016171863926069
20,3,1667.2022946859904,2008.872728826574
20,4,0.0,0.0
20,5,261.1294842995169,286.18575801323635
20,6,4.073671497584541,5.848800433589823
20,7,714.7161835748792,793.5763549791806
20,8,416.2512077294686,460.6986258560035
20,9,331.99124336352656,350.0080913578137
20,10,67.97705314009661,83.2413123961754
20,11,60.75105617391305,122.88793564883414
20,12,2889.507188405797,3877.1722392764605
20,13,7.196256038647343,10.337659332546913
20,14,0.4323671497584541,0.9374469155639007
20,15,15.277777777777779,23.691856444054626
20,16,8.596618357487923,11.198147803871082
20,17,0.10024154589371981,0.4004226644439449
20,18,165.3502415458937,196.26973372011267
20,19,4.224033816425121,7.88389629676793
20,20,3.129830917874396,4.896455734808062
20,21,1.916062801932367,3.021907195692283
20,22,23.652173913043477,39.0557247887653
20,23,0.6515700483091788,1.384409505339354
20,24,162.73510464130436,178.2276628015539
20,25,214.1183574879227,242.32015825106907
20,26,1.5030193236714975,2.335330236437993
20,27,2.8230676328502415,4.179156943591526
20,28,206.00581707487925,331.750612957101
20,29,44.87111598369565,49.02477362406763
20,30,508.44055155797105,605.6687377144701
20,31,3.0972222222222223,18.708082606644982
20,32,6.998748180615942,8.782833918163432
21,0,4.7355072463768115,6.378028380819074
21,1,0.29528985507246375,0.8184442026871007
21,2,2.2083333333333335,3.332085617437452
21,3,1185.8647342995168,1466.6263261252593
21,4,0.0,0.0
21,5,222.07487922705315,281.40085772449595
21,6,3.4281400966183573,6.083877394553764
21,7,581.0458937198067,763.3331593032557
21,8,254.72041062801932,316.36802687546657
21,9,146.8489317451691,182.63287600051424
21,10,99.22282608695652,138.86030011105726
21,11,44.793716134661835,107.93432278796828
21,12,1909.9130030193237,2383.1722154246468
21,13,6.208937198067633,10.556471869235615
21,14,0.42632850241545894,0.9095040570471954
21,15,15.926328502415458,23.955812949362215
21,16,13.628623188405797,22.20923031840304
21,17,0.14371980676328502,0.4382019606326734
21,18,146.02898550724638,187.58730593151537
21,19,2.4329710144927534,4.580832242925955
21,20,1.141304347826087,3.5868958196345213
21,21,4.18719806763285,6.400810399929941
21,22,30.98913043478261,51.41822948010535
21,23,0.9746376811594203,1.8540288102860782
21,24,50.86217878864735,61.31773150634298
21,25,147.40881642512076,188.25772369944232
21,26,0.8695652173913043,1.6013261284829667
21,27,3.633454106280193,5.555569679769543
21,28,78.83100726630435,96.54649709932107
21,29,47.09791063647343,60.257308685880595
21,30,578.3705894927537,702.1241217460155
21,31,2.118961352657005,9.229846653812086
21,32,2.641304347826087,4.096784885044064
22,0,2.220410628019324,3.7014368175158947
22,1,0.11835748792270531,0.44572621917214206
22,2,0.6340579710144928,1.3695521861524784
22,3,518.0489130434783,681.5657693195743
22,4,0.0,0.0
22,5,54.695048309178745,71.25520704732517
22,6,3.6690821256038646,6.9158365924385246
22,7,251.48128019323673,336.59342235944104
22,8,122.86413043478261,158.51829105120098
22,9,65.9987922705314,85.48525074664778
22,10,21.363526570048307,32.034810720341625
22,11,30.004677548913044,108.49494172549372
22,12,948.2260320048308,1238.0183169904021
22,13,2.3683574879227054,4.876437083550765
22,14,0.4214975845410628,1.0056621230484635
22,15,16.246376811594203,29.650058494675633
22,16,7.723429951690822,11.321165134861356
22,17,0.13768115942028986,0.453658305776611
22,18,63.98490338164251,85.91846982898963
22,19,0.2113526570048309,1.2955948067788992
22,20,0.007246376811594203,0.16289125517981293
22,21,2.8870772946859904,5.549441791917172
22,22,13.928743961352657,32.39991413762298
22,23,1.1564009661835748,2.127150363878613
22,24,42.58576995048309,127.23212175372326
22,25,64.66364734299516,89.05397952832227
22,26,0.39371980676328505,0.8632457145797977
22,27,2.2801932367149758,3.5883320766821973
22,28,50.25829039311595,72.08183432971198
22,29,18.381038647342994,24.618129597969723
22,30,161.84959048913043,210.34582642660286
22,31,0.2524154589371981,1.532427006618208
22,32,0.8665458937198067,1.7244477451309013
23,0,2.30012077294686,1.8694296876337149
23,1,0.0,0.0
23,2,1.5277777777777777,1.6457805101979917
23,3,1184.5839371980676,529.4940572815839
23,4,0.05314009661835749,0.3273289055143886
23,5,273.7642107669082,51.139505658804694
23,6,8.875,13.411207942964202
23,7,572.56038647343,106.31775880667966
23,8,468.3514492753623,117.34132168308567
23,9,133.31017868719806,31.464723737959282
23,10,55.147946859903385,12.758381002787157
23,11,101.02011358816426,179.7985818697353
23,12,1987.7934782608695,409.5842600544231
23,13,24.34722222222222,13.75494082550431
23,14,0.13526570048309178,0.4395139330401566
23,15,6.844806763285024,8.076713584071964
23,16,9.045289855072463,15.362047699547864
23,17,0.2113526570048309,0.4842077467607753
23,18,88.23973429951691,72.16107287421912
23,19,6.916666666666667,7.674830366075608
23,20,0.9504830917874396,3.886916594474695
23,21,4.535024154589372,3.57787499583496
23,22,54.908816425120776,56.81362561176845
23,23,2.1896135265700485,2.8374344133290212
23,24,650.193772481884,470.79703747016055
23,25,140.43961352657004,42.083731536447885
23,26,1.7856280193236715,2.3357070579030896
23,27,2.5416666666666665,2.90484801563829
23,28,298.968478031401,96.90324372181598
23,29,49.49586473731884,15.614638726606023
23,30,804.7058731280192,660.357195919085
23,31,0.17632850241545894,0.71855514531231
23,32,15.538669683997584,6.520471969852284
24,0,3.292874396135266,3.4489768978959807
24,1,0.042874396135265704,0.2506257038466689
24,2,4.971014492753623,3.2679537742270304
24,3,2838.975241545894,1322.5563660504647
24,4,0.13707729468599034,0.5506839768508704
24,5,693.9678073671498,225.20026069760252
24,6,10.930555555555555,11.23177984482924
24,7,1108.3242753623188,346.69084137736155
24,8,1080.798309178744,410.47235235211355
24,9,253.26572045289856,89.83214998707744
24,10,204.09118357487924,65.02831003888775
24,11,210.07519440821255,308.16875704927014
24,12,3773.8393719806763,1732.4653954375208
24,13,25.88586956521739,117.7970948132157
24,14,1.1316425120772946,1.4037717712364526
24,15,15.557971014492754,15.458792994131631
24,16,28.615942028985508,38.73329472586218
24,17,0.3508454106280193,0.7620765146323242
24,18,174.42512077294685,144.3165468295549
24,19,8.58574879227053,9.11622913481046
24,20,13.69927536231884,17.256134057678647
24,21,9.147342995169081,6.388152190135865
24,22,100.10144927536231,105.07947490464882
24,23,6.6521739130434785,7.427622658214243
24,24,387.0132846497585,148.90121004503084
24,25,263.4039855072464,100.49637751417555
24,26,9.06219806763285,8.66714439147863
24,27,7.342391304347826,8.095833254884708
24,28,490.09649049516906,199.7064685977216
24,29,128.89316305736716,43.482411124684766
24,30,2304.3347605072463,2048.881362151342
24,31,0.5736714975845411,2.8927466408717386
24,32,35.32425344746377,16.109944154639376
25,0,2.0972222222222223,2.289783855315118
25,1,0.018719806763285024,0.1710456308975676
25,2,2.3731884057971016,2.891112495103892
25,3,1770.691425120773,1445.3789470219926
25,4,0.07548309178743962,0.4182864003345989
25,5,288.694448602657,166.9683136144273
25,6,4.521135265700483,6.301357464921772
25,7,468.31823671497585,292.9075179507265
25,8,471.78200483091786,314.69862656385146
25,9,126.20691437560386,79.48041995474198
25,10,106.91545893719807,77.04872772250246
25,11,173.53907607910628,251.38820933113237
25,12,1692.1243961352657,969.6922632580887
25,13,11.553743961352657,9.750891718071049
25,14,0.8472222222222222,1.330185735894493
25,15,18.528381642512077,52.339091154488194
25,16,11.3756038647343,18.861530317530306
25,17,0.13526570048309178,0.4339800231328874
25,18,67.04830917874396,73.83191547943858
25,19,0.0,0.0
25,20,10.256642512077295,14.918265268784747
25,21,8.297101449275363,10.426257408920671
25,22,176.32850241545893,278.09764124000475
25,23,3.3943236714975846,5.6646199714947745
25,24,201.08239857608697,112.59512890820437
25,25,106.33212560386474,64.52789898003941
25,26,2.1135265700483092,2.764323532993923
25,27,3.2934782608695654,5.6804838718421005
25,28,157.4973683357488,93.24603752146696
25,29,51.47496559148551,29.673068798909288
25,30,882.7054139190822,1007.7988999055575
25,31,0.3417874396135266,1.6817032635317264
25,32,5.468066423913044,6.2934945042071435
26,0,3.5634057971014492,2.7002676818527087
26,1,0.057971014492753624,0.4844623784549062
26,2,0.9444444444444444,1.1842085043631354
26,3,799.3194444444445,589.4651372597415
26,4,0.008454106280193236,0.09158438405682408
26,5,224.55531038647342,76.4716759631972
26,6,4.468599033816425,5.254051358676686
26,7,438.34057971014494,187.06256916148442
26,8,238.82548309178745,126.97738353848727
26,9,90.58260575724638,35.95932936716501
26,10,41.53804347826087,17.78345072799671
26,11,78.32109061020532,225.39636298239367
26,12,1617.316425120773,1447.2551238362344
26,13,4.491545893719807,4.731962517856627
26,14,0.8109903381642513,1.3043825676104575
26,15,7.792270531400966,10.174802745708616
26,16,5.408816425120773,6.296607789572564
26,17,0.20531400966183574,0.5145574091588101
26,18,56.875,54.389304556604344
26,19,1.1334541062801933,2.082223225408424
26,20,1.6654589371980677,6.675502594935421
26,21,3.8309178743961354,4.122787386433446
26,22,33.72886473429951,132.0433904246756
26,23,0.2288647342995169,0.5724069421066567
26,24,279.95847551086956,104.85456072393528
26,25,160.52898550724638,106.44005620144407
26,26,0.9070048309178744,1.5526371181059841
26,27,1.1878019323671498,1.906990415955495
26,28,162.18798165277778,72.32978266092678
26,29,18.11533816425121,9.273389483569353
26,30,339.4774191183575,329.739645112484
26,31,0.5652173913043478,2.6375119331342267
26,32,3.4149580321859903,2.7746085210154052
27,0,4.8979468599033815,3.6123113604934765
27,1,0.05374396135265701,0.2910723868809961
27,2,3.570048309178744,2.7497733382157334
27,3,2428.4649758454107,1220.547082519015
27,4,0.06038647342995169,0.28450556321928383
27,5,603.1450185386474,201.41328430004225
27,6,10.110507246376812,10.462558107817804
27,7,793.3816425120773,255.12832953807734
27,8,799.9287439613527,329.81098458655094
27,9,251.10656647342995,76.81234008195928
27,10,211.69384057971016,64.67340108545451
27,11,162.41133148188405,139.47167592537343
27,12,3203.8919082125603,1099.087349395925
27,13,21.754227053140095,11.122904987180904
27,14,1.7626811594202898,1.9046347820414384
27,15,12.082729468599034,13.65176894047471
27,16,14.469806763285025,20.290555455376584
27,17,0.33152173913043476,0.6367376089164947
27,18,136.70954106280195,119.4098916721509
27,19,4.574275362318841,6.420363380669335
27,20,13.58876811594203,17.99887460541923
27,21,5.979468599033816,4.478704355991693
27,22,158.17391304347825,182.32423214487042
27,23,2.273550724637681,3.031065891084546
27,24,268.7282011074879,80.7926523786451
27,25,204.8683574879227,83.12999066882917
27,26,5.325483091787439,5.55116626452412
27,27,5.6147342995169085,6.485875915758596
27,28,380.97366495772945,121.99512044978856
27,29,89.61325064553141,28.795596623129942
27,30,1672.8010706521738,1452.603445154438
27,31,0.6286231884057971,2.5689998595700696
27,32,23.802422400483092,10.219681745987332
28,0,7.185990338164252,4.760659210480789
28,1,0.025966183574879228,0.22513299742479875
28,2,1.9571256038647342,2.0796751892965077
28,3,2271.957729468599,1420.1986391512892
28,4,0.0,0.0
28,5,565.5640096618357,214.1220833897139
28,6,7.603260869565218,8.192707035821938
28,7,1026.6201690821256,429.4339843095457
28,8,648.2004830917874,343.26399821575495
28,9,339.455319955314,137.15528752629993
28,10,236.6002415458937,127.61638929091984
28,11,95.34108821678744,154.26702318982984
28,12,3716.748359299517,1569.8650969877842
28,13,7.245169082125604,5.9545337446696065
28,14,1.2451690821256038,1.6022004039869517
28,15,22.70229468599034,33.91827953440644
28,16,11.034420289855072,10.690115660550099
28,17,0.5259661835748792,0.8658975240284489
28,18,171.79951690821255,156.83443545593423
28,19,0.0,0.0
28,20,1.858695652173913,4.10886116216095
28,21,7.46256038647343,5.879437194018286
28,22,117.71678743961353,192.5923801144074
28,23,0.6678743961352657,1.310734421532896
28,24,197.13195038466182,76.20072337495307
28,25,300.3828502415459,157.54580262016086
28,26,2.6032608695652173,3.288939846206735
28,27,3.216183574879227,4.246954215538245
28,28,230.6149425923913,92.43560171748904
28,29,64.83384661111111,25.081823856260492
28,30,963.4092354166667,927.7809613132986
28,31,3.710144927536232,13.484395581878728
28,32,6.432842632608695,5.086721361859207
29,0,3.3580917874396135,4.2631457663094965
29,1,0.22705314009661837,0.7219594097450623
29,2,1.5911835748792271,2.2896366128379144
29,3,1326.6781400966183,1454.2593578964531
29,4,0.0,0.0
29,5,311.77657004830917,326.0447500756824
29,6,5.025966183574879,6.659608303175632
29,7,504.07185990338166,526.6215002264037
29,8,362.18780193236717,387.17965617949824
29,9,148.73569928743962,153.12001357905677
29,10,101.85265700483092,120.22376430435911
29,11,52.552065759057975,101.4513310366801
29,12,1870.1287107487922,1976.379843205032
29,13,5.576086956521739,7.492691828841014
29,14,0.5857487922705314,1.1003497580445742
29,15,12.920893719806763,15.853304802421667
29,16,9.495169082125605,12.174560206642806
29,17,0.14673913043478262,0.4862722071005061
29,18,118.69082125603865,135.14691055409318
29,19,0.0,0.0
29,20,1.0905797101449275,3.4538312754741
29,21,2.5531400966183573,3.66359766319432
29,22,63.471014492753625,148.78596441758566
29,23,0.6998792270531401,1.286659408132157
29,24,67.580416647343,68.67403524471135
29,25,143.96497584541063,164.92122072210933
29,26,2.1920289855072466,3.1223717438370797
29,27,2.6841787439613527,3.7810008012786724
29,28,106.39137078864735,108.2803214512024
29,29,36.451910007850245,37.36837379609036
29,30,604.2900780193237,735.7639157566425
29,31,2.0791062801932365,6.813911355610053
29,32,3.629830917874396,4.860475425421068
30,0,3.101449275362319,2.384866248282882
30,1,0.06763285024154589,0.33381899031033385
30,2,0.606280193236715,0.9473431399274368
30,3,941.677536231884,470.20896801081244
30,4,0.0,0.0
30,5,152.66908212560386,46.392536753967
30,6,2.4698067632850242,2.986423493052775
30,7,482.18538647342996,357.80077503285315
30,8,224.85446859903382,85.61634343983316
30,9,105.43599033816425,35.038789165851185
30,10,120.2530193236715,60.32262197547454
30,11,58.82534241545894,179.16414693018197
30,12,1562.591574879227,561.5275235204832
30,13,3.5018115942028984,6.648171479987685
30,14,0.9384057971014492,1.286630624276404
30,15,9.384661835748792,10.028357689673879
30,16,4.725845410628019,4.6662336466329934
30,17,0.29830917874396135,0.5933342041081421
30,18,76.9987922705314,66.7997684276272
30,19,0.40157004830917875,0.9972639057989128
30,20,0.0,0.0
30,21,4.069444444444445,3.712070121297733
30,22,54.62016908212561,67.74681890772739
30,23,0.357487922705314,0.7293448410285893
30,24,57.81568163768116,26.795240302316884
30,25,103.52415458937197,70.80514529674598
30,26,0.8532608695652174,1.3226683620448054
30,27,2.4480676328502415,3.0561249298685116
30,28,99.41269971980677,32.40852149709633
30,29,22.85024154589372,8.661923479841143
30,30,317.3616354987923,311.6909858409851
30,31,0.8176328502415459,4.320884792515895
30,32,3.5434782608695654,3.401338777227687
31,0,7.605676328502415,4.667914951611213
31,1,0.5458937198067633,1.4346830502096004
31,2,2.5905797101449277,2.341586861359621
31,3,1827.8128019323672,1068.344233187626
31,4,0.0,0.0
31,5,468.31280193236717,127.23505371324889
31,6,5.346618357487923,6.1914589382608645
31,7,1253.9830917874397,440.67650103664863
31,8,594.7282608695652,251.617351691293
31,9,247.9631410380435,82.67705757838982
31,10,239.21859903381642,124.58844603933115
31,11,108.79744186533816,257.92799503407826
31,12,3948.5672904589374,1536.441128839874
31,13,9.403985507246377,7.086889887342586
31,14,0.7192028985507246,1.06479771218328
31,15,14.330314009661835,15.969084903355691
31,16,12.753623188405797,13.545480696067404
31,17,0.3943236714975845,0.6976467316937323
31,18,189.36292270531402,165.53392672303434
31,19,1.458937198067633,2.24068501198668
31,20,1.213768115942029,3.505052553959217
31,21,12.219806763285025,8.350551851010414
31,22,30.41062801932367,42.727314773601854
31,23,0.6521739130434783,1.2026285847835125
31,24,307.01274919927533,109.60595584633366
31,25,296.1044685990338,129.26947643945937
31,26,1.5096618357487923,2.1067931287595685
31,27,4.748792270531401,5.306867100244953
31,28,139.01513811533817,73.5238459727956
31,29,72.89714371859903,25.356488827282238
31,30,819.6905240398552,775.9765593098458
31,31,2.6316425120772946,12.275274239831129
31,32,5.253019323671498,4.3334562236074845
32,0,1.83756038647343,1.83179434985424
32,1,0.044082125603864736,0.2947496298703558
32,2,0.2572463768115942,0.5320047267571975
32,3,607.7518115942029,436.46285127204396
32,4,0.0,0.0
32,5,99.83756038647343,36.43151339740571
32,6,2.282004830917874,3.9315367369739844
32,7,452.0066425120773,386.1789207973904
32,8,145.21618357487924,64.32281034972837
32,9,97.35688405797102,34.994829842751166
32,10,135.6346618357488,91.9870014802947
32,11,28.800289213768117,69.04793594426978
32,12,1478.3330778985508,921.7230405046428
32,13,1.747584541062802,1.9730036509712214
32,14,0.4861111111111111,0.8188417711970568
32,15,7.240338164251208,9.449191381847024
32,16,2.4033816425120773,2.7786998484209238
32,17,0.17149758454106281,0.44060839974709615
32,18,61.68357487922705,52.531965197531235
32,19,0.0,0.0
32,20,0.005434782608695652,0.10700844746427277
32,21,2.285024154589372,2.5146661769088374
32,22,74.5048309178744,130.0266948221643
32,23,0.10084541062801933,0.3613994421029712
32,24,59.64991216908212,19.808508211143003
32,25,99.34299516908213,41.481821292350354
32,26,0.12983091787439613,0.4307559242285694
32,27,0.8152173913043478,1.352508360454446
32,28,63.45675124698068,24.543222656316757
32,29,11.43659420289855,5.2768285810607765
32,30,119.74725060628019,115.60109822632172
32,31,0.8429951690821256,4.652334549849448
32,32,1.3532608695652173,1.9315073072938431
33,0,7.766304347826087,4.818052644854071
33,1,0.1503623188405797,0.5526971945717019
33,2,1.1099033816425121,1.3588687281214848
33,3,1370.6606280193237,764.8741156907739
33,4,0.0,0.0
33,5,275.3864734299517,88.58066682947577
33,6,5.118961352657005,8.37791531487869
33,7,1068.6696859903382,328.34453049484944
33,8,389.20893719806764,154.02714028458573
33,9,199.05555555555554,57.70149714472359
33,10,171.618961352657,155.39633485048117
33,11,76.23768114613526,150.7823820068798
33,12,3081.581484299517,941.0561199338492
33,13,3.0766908212560384,3.402439170001309
33,14,0.7294685990338164,1.0722542908611652
33,15,30.02536231884058,30.892298385949378
33,16,11.771135265700483,12.88279163854775
33,17,0.17451690821256038,0.4482693228592147
33,18,147.69202898550725,133.72936311364478
33,19,0.0,0.0
33,20,0.03140096618357488,0.5387504563661321
33,21,12.67572463768116,8.196929059121022
33,22,64.8707729468599,87.82864511975227
33,23,0.9208937198067633,1.5520451525213657
33,24,252.86939744142515,87.27154749250512
33,25,239.03985507246378,85.73464073578316
33,26,0.6847826086956522,1.303366897666582
33,27,3.1050724637681157,3.7426033712839275
33,28,213.3100522294686,86.54468523868961
33,29,37.20410628019324,12.926354541731657
33,30,814.4357420289855,729.422244260324
33,31,1.0869565217391304,5.871611165624279
33,32,1.58756038647343,2.149025458041852
34,0,3.351449275362319,2.9063381640320953
34,1,0.1890096618357488,0.6050342557755544
34,2,2.7669082125603865,2.434399318584621
34,3,2266.474033816425,900.8775449454718
34,4,0.0,0.0
34,5,685.7403381642512,131.91469445646007
34,6,7.06280193236715,8.479563796248167
34,7,916.8478260869565,206.80403271438587
34,8,576.6539855072464,223.00953163173887
34,9,251.6957936896135,51.871684140506574
34,10,115.89070048309179,95.36185565872336
34,11,129.22609716364735,171.45631601473488
34,12,3817.675530797101,1010.019608115342
34,13,5.797101449275362,6.420408646063827
34,14,1.821256038647343,1.994113965149887
34,15,24.967995169082126,30.75413959063233
34,16,22.823067632850243,19.158697374442053
34,17,0.6606280193236715,0.9319028212175853
34,18,153.6225845410628,126.85548814819207
34,19,3.504830917874396,4.374048803124976
34,20,2.073671497584541,5.3250256840816945
34,21,10.16425120772947,8.487037340713021
34,22,52.64734299516908,60.380305548018065
34,23,1.0917874396135265,1.7062260804390021
34,24,184.50806700301933,42.66348823405969
34,25,318.5247584541063,94.32925233384958
34,26,1.603864734299517,2.1228344594944777
34,27,3.8176328502415457,4.336100488293116
34,28,141.06013685688407,47.81845312178351
34,29,34.952395528985505,11.952691381084442
34,30,474.5656076690821,417.3428362745479
34,31,4.775966183574879,14.581532073680538
34,32,3.141304347826087,3.1480041903150178
35,0,4.429347826086956,3.1139229001676676
35,1,0.05434782608695652,0.3468535266854341
35,2,0.26811594202898553,0.5468705374552875
35,3,1128.701690821256,607.8368722146798
35,4,0.0,0.0
35,5,93.19263285024155,36.3896465316075
35,6,1.589975845410628,2.385833516910427
35,7,476.2457729468599,158.2817766770472
35,8,159.79891304347825,72.22583764966278
35,9,82.58514492753623,33.454717508960684
35,10,169.47765700483092,172.35168705937
35,11,54.0081238115942,62.34958911812752
35,12,1748.229995772947,1677.5086356860872
35,13,2.996376811594203,2.9944539128487144
35,14,0.6280193236714976,1.055802526447515
35,15,7.263285024154589,10.279043524968591
35,16,5.915458937198068,6.6493606103451395
35,17,0.2028985507246377,0.47653462509698846
35,18,66.07306763285024,57.09566974663295
35,19,0.0,0.0
35,20,0.05314009661835749,0.9415946079596682
35,21,1.4993961352657006,2.4309185905824675
35,22,44.966787439613526,80.44924906868626
35,23,0.28381642512077293,0.6317894215864505
35,24,162.5020579281401,55.59370783169983
35,25,87.57789855072464,35.359132460948636
35,26,0.2753623188405797,0.7400640058090083
35,27,0.716183574879227,1.3064113989548543
35,28,56.98370576274154,30.523224228139423
35,29,17.47463768115942,8.393888396113573
35,30,221.53203016908213,210.91090091473896
35,31,0.7626811594202898,4.019870110755161
35,32,0.5483091787439613,1.2974842647761409
36,0,3.7300724637681157,3.110098782327249
36,1,0.0392512077294686,0.2652578651875524
36,2,1.3695652173913044,1.6200828159348288
36,3,1995.2777777777778,1140.6155486146604
36,4,0.0,0.0
36,5,463.3762077294686,173.7930995862532
36,6,4.883454106280193,6.067620299441501
36,7,828.0434782608696,345.3380242292894
36,8,502.07850241545896,238.1576565268226
36,9,199.7577874673913,89.6882478720383
36,10,111.55253623188406,62.5726667803501
36,11,99.59972638888888,172.69580443383435
36,12,3246.9981056763286,1364.7467355450356
36,13,5.940217391304348,6.76623398720668
36,14,0.49094202898550726,0.880765984411263
36,15,20.60990338164251,38.18545932258063
36,16,10.902777777777779,12.689871480859777
36,17,0.1890096618357488,0.510813565795044
36,18,143.6407004830918,125.04098957376975
36,19,0.05615942028985507,0.37422804646788355
36,20,8.181763285024154,12.787604677359072
36,21,3.0120772946859904,3.371800459821087
36,22,121.42330917874396,203.56113901572925
36,23,0.5954106280193237,1.0767875241050318
36,24,192.7761129951691,88.8093843636663
36,25,224.82427536231884,101.6789267621902
36,26,1.1388888888888888,1.7715535973748964
36,27,3.101449275362319,3.906378432802605
36,28,115.3567035597826,58.91801694829372
36,29,50.01271257669082,24.655619045846986
36,30,887.8803955857488,866.586783597702
36,31,4.8852657004830915,22.992185727361925
36,32,0.951243538647343,1.5083684327727809
37,0,4.032004830917875,4.005834396334021
37,1,0.021739130434782608,0.20153098508231038
37,2,4.330314009661835,2.737047854667535
37,3,2110.012077294686,949.0521452883434
37,4,0.15217391304347827,0.8428308556922762
37,5,549.5626931642512,115.62584572370682
37,6,7.7143719806763285,8.463602467936619
37,7,1052.4963768115942,226.7455152539315
37,8,890.971618357488,222.77944285944076
37,9,146.570791352657,35.103357609229626
37,10,154.9915458937198,37.65627563432213
37,11,194.3092097258454,250.88801801271504
37,12,3651.795893719807,780.6596888889802
37,13,46.54951690821256,16.644023806381306
37,14,1.928743961352657,1.782355918667605
37,15,21.45350241545894,22.026575814373384
37,16,15.471618357487923,25.5445191153705
37,17,0.33756038647342995,0.6354596043321541
37,18,159.2530193236715,130.11257265105152
37,19,16.430555555555557,16.005814915558382
37,20,12.83876811594203,10.521505845121045
37,21,6.146135265700483,5.340300820119208
37,22,108.06219806763285,74.2959892205443
37,23,4.807367149758454,5.45010602301446
37,24,249.14492511473432,71.90947619748836
37,25,255.20531400966183,76.13821980812844
37,26,6.482487922705314,6.243086431178512
37,27,6.427536231884058,6.3385505575716525
37,28,246.5622011092995,77.45651627276719
37,29,131.68610931763286,37.176810376091446
37,30,1857.8963176932366,1589.3739029833873
37,31,0.29830917874396135,0.6876709963454862
37,32,19.975431518055558,8.039711981653014
38,0,6.530193236714976,4.171004091199167
38,1,0.013285024154589372,0.2842361146357053
38,2,5.092391304347826,3.975063064002942
38,3,1842.8641304347825,1178.9411744046238
38,4,0.09842995169082126,0.5043352346675049
38,5,534.8423937258455,164.02406140961443
38,6,9.434178743961352,10.53971988033585
38,7,1071.1038647342996,353.8995728092949
38,8,821.2107487922706,270.26443741663047
38,9,169.11190953985505,52.3956755094732
38,10,120.31702898550725,47.18134046512633
38,11,209.78723703562804,524.5945380148298
38,12,3775.730081521739,1197.6183020811122
38,13,26.542874396135264,14.966002881412585
38,14,1.7216183574879227,1.6284231549205928
38,15,23.129227053140095,24.589958717625354
38,16,17.767512077294686,28.532479951365605
38,17,0.1388888888888889,0.43003235707356385
38,18,207.53502415458937,184.7375830830942
38,19,17.71135265700483,19.9784480036481
38,20,8.655193236714975,9.189252731492436
38,21,13.630434782608695,9.46725398084037
38,22,79.07367149758454,67.46124326340933
38,23,5.106884057971015,6.462164178830693
38,24,185.15323194565218,59.25929021020612
38,25,359.7928743961353,150.72791347609348
38,26,3.927536231884058,4.200367150390812
38,27,6.011473429951691,6.352618319994937
38,28,158.40247227898553,63.3754455464158
38,29,121.07767875483091,39.00297622229989
38,30,1452.5639014492754,1281.9422655557369
38,31,0.35628019323671495,1.555381397159103
38,32,19.734157476811593,8.120584419843302
39,0,8.90036231884058,8.890898288485738
39,1,0.26509661835748793,0.7252971407091605
39,2,3.8363526570048307,3.1107115951865367
39,3,2297.67270531401,1326.6947478002062
39,4,0.0,0.0
39,5,721.2626811594203,171.48104936774598
39,6,6.782608695652174,7.913953378991735
39,7,1297.1322463768115,488.12404076941885
39,8,520.0,231.51236386499195
39,9,186.1000045120773,67.6581385175096
39,10,390.4945652173913,350.31216976383325
39,11,91.49095714492753,129.5113680264137
39,12,4303.984758454106,1541.649921543832
39,13,28.743357487922705,14.472725195397388
39,14,1.8357487922705313,1.7944735018776776
39,15,22.831521739130434,25.62919401463909
39,16,13.730072463768115,11.682826045337737
39,17,0.4245169082125604,0.7343799873887374
39,18,206.06642512077295,180.20845045460203
39,19,4.663647342995169,5.853996572696383
39,20,7.833333333333333,6.26928444820038
39,21,6.856884057971015,4.832735898733952
39,22,64.55193236714976,66.92797920972613
39,23,1.942632850241546,3.0243273573165426
39,24,241.9849330495169,2241.8300549531173
39,25,308.80917874396135,122.56055091576282
39,26,2.746376811594203,3.298949595791171
39,27,5.492149758454106,5.9460768221695455
39,28,207.46818524698068,79.88012331011936
39,29,76.48370836714976,26.25711638607705
39,30,1080.7280653804348,963.1250006595783
39,31,1.8894927536231885,4.1941389960005155
39,32,11.310848307971014,7.56125321858717
40,0,3.8731884057971016,2.6728318220142175
40,1,0.29891304347826086,0.917450178427271
40,2,1.21256038647343,1.4037452588123962
40,3,2335.9426328502414,1445.5903230879458
40,4,0.0,0.0
40,5,366.2028985507246,112.88548812695024
40,6,5.674516908212561,9.216351048799016
40,7,1390.8659420289855,544.2411586927108
40,8,472.14009661835746,200.7205381609667
40,9,251.3938381642512,81.02617729286017
40,10,142.71316425120773,54.17242669950451
40,11,71.48275303472222,136.15742358879658
40,12,4359.37677415459,1399.4339484723087
40,13,8.8756038647343,6.673678938313035
40,14,1.068840579710145,1.421065549302965
40,15,21.621376811594203,21.900124891156636
40,16,16.054347826086957,14.124887694565212
40,17,0.2210144927536232,0.49597089358376667
40,18,214.89673913043478,182.91675973617467
40,19,0.0,0.0
40,20,0.14009661835748793,0.8209851809846592
40,21,8.134661835748792,6.266824866206392
40,22,70.29287439613526,102.97804581066586
40,23,0.9450483091787439,1.4842576539008652
40,24,113.01594428140096,37.32711999651315
40,25,286.40458937198065,124.27845385958325
40,26,1.1570048309178744,1.7744713257128881
40,27,4.228260869565218,4.578137815288331
40,28,152.09171066908212,74.26751666162359
40,29,49.71497584541063,19.747950577808936
40,30,683.9740285929952,611.8042371119359
40,31,2.039855072463768,10.806157178660689
40,32,3.1340579710144927,3.4227106385241406
41,0,4.855676328502415,3.247356037478225
41,1,0.028985507246376812,0.26315388494459735
41,2,4.371980676328502,3.245713874002486
41,3,1535.4927536231885,941.268075672274
41,4,0.030797101449275364,0.21348687362959137
41,5,420.1862366243961,185.68796918168664
41,6,7.398550724637682,7.945241465598778
41,7,871.1594202898551,386.32417074542604
41,8,560.5748792270531,228.20531476897546
41,9,196.00993335386474,63.92569208013369
41,10,117.89251207729468,38.94371852788722
41,11,181.3170022892512,294.4531791266391
41,12,2928.690821256039,1122.2657610787714
41,13,22.855072463768117,12.668995801447823
41,14,0.7735507246376812,1.0737408199760576
41,15,17.120772946859905,20.559630250043558
41,16,19.72342995169082,27.234300956530195
41,17,0.322463768115942,0.6739899448926278
41,18,145.45169082125605,131.227175855232
41,19,8.168478260869565,10.642728523839905
41,20,9.766304347826088,12.674797406452997
41,21,8.676328502415458,5.948749498046658
41,22,71.32185990338164,78.97963119825505
41,23,5.667270531400966,6.587806463129492
41,24,172.71748680797103,57.671841928211215
41,25,262.3731884057971,174.82967692377647
41,26,4.645531400966184,5.241994439077123
41,27,4.69987922705314,5.336520697759036
41,28,159.62868214673915,60.593991605237726
41,29,59.60580012016908,19.30649832265742
41,30,1178.5678114734299,1005.9305436893013
41,31,0.5742753623188406,4.37935724362973
41,32,7.864295107729468,4.441188732347352
42,0,1.7065217391304348,2.7034016353372383
42,1,0.014492753623188406,0.15864260677579148
42,2,2.4057971014492754,3.607754684808257
42,3,1128.762077294686,1394.0179049027306
42,4,0.18297101449275363,0.8319742409040757
42,5,230.21337801932367,276.32408621776045
42,6,5.271135265700483,7.66359386028566
42,7,367.4100241545894,455.63966429837177
42,8,376.19202898550725,451.9284392024798
42,9,69.3074329794686,84.57078308679814
42,10,57.513888888888886,69.93824501043265
42,11,71.90309302173912,136.5509545913171
42,12,1411.4164076086956,1727.8861192721668
42,13,12.485507246376812,19.377029603063896
42,14,0.4891304347826087,0.9899203019054227
42,15,9.318840579710145,15.333190746666645
42,16,11.968599033816425,35.64050419204671
42,17,0.11292270531400966,0.4023221523401531
42,18,95.1328502415459,119.46730398236086
42,19,8.255434782608695,12.490696261774257
42,20,11.443236714975846,17.38410330980365
42,21,2.0018115942028984,3.4423165955411497
42,22,34.996980676328505,52.59654902871614
42,23,3.8309178743961354,5.514203412809817
42,24,93.79947523429952,112.6961166826601
42,25,103.14794685990339,133.67799330130234
42,26,3.140096618357488,4.361566390688941
42,27,3.732487922705314,5.405518728011892
42,28,103.94879583937197,124.5189830428263
42,29,35.0967826129227,42.97508266276693
42,30,1138.2291516908213,1355.6212832734225
42,31,0.24818840579710144,0.693079543708938
42,32,8.355341183393719,10.611467663465193
43,0,6.018115942028985,4.255826396987138
43,1,0.04589371980676329,0.2934450825831938
43,2,1.196256038647343,1.6296380313605106
43,3,3008.149154589372,1257.1256593351359
43,4,0.0,0.0
43,5,305.97584541062804,146.56435855514334
43,6,5.474033816425121,6.600507325283531
43,7,1018.1521739130435,306.5613708706216
43,8,358.60084541062804,213.5896299105533
43,9,235.66582126811596,96.85843056078028
43,10,141.83876811594203,86.89557559541555
43,11,51.56392640615942,73.55022025954321
43,12,3324.9646551932365,1071.3337124158086
43,13,4.300724637681159,5.583977895931955
43,14,1.1871980676328502,1.5472358354607811
43,15,14.89975845410628,16.706554964850888
43,16,9.995772946859903,9.092773612609522
43,17,0.13949275362318841,0.3984692567663682
43,18,139.80978260869566,117.51084820146711
43,19,0.0,0.0
43,20,1.0259661835748792,3.458330583596928
43,21,3.4341787439613527,4.241275066436905
43,22,90.6340579710145,130.48131729338314
43,23,1.1829710144927537,2.4350859067345976
43,24,148.7295814692029,45.189390427522895
43,25,222.356884057971,79.47874017554818
43,26,0.6823671497584541,1.5368436128953553
43,27,2.732487922705314,3.482237374126499
43,28,171.07502023188405,302.12137140390513
43,29,60.364672106280196,31.73246465432353
43,30,498.50392894927535,495.1540520462078
43,31,1.7608695652173914,7.234163006842091
43,32,0.7493961352657005,1.3644160124634364
44,0,18.891304347826086,9.73424623263601
44,1,0.0,0.0
44,2,11.722826086956522,8.341422034355677
44,3,8026.768115942029,3884.675632425184
44,4,0.3188405797101449,1.720965824159006
44,5,1391.5932333756039,481.0979880385254
44,6,22.809782608695652,38.820627723816365
44,7,2557.332125603865,671.1164460716674
44,8,2557.8212560386473,846.2475111966457
44,9,597.327032602657,207.99721033009223
44,10,648.4861111111111,204.60037488271698
44,11,610.0396332910627,662.813766950433
44,12,9757.74579589372,3561.1925823012452
44,13,81.54227053140097,32.80438259224658
44,14,4.1769323671497585,3.2919529109069097
44,15,81.41425120772946,103.31034939563722
44,16,61.39975845410628,82.31720886955875
44,17,1.9420289855072463,1.9915887754551258
44,18,405.89794685990336,375.28296816559333
44,19,20.196859903381643,20.797626864264927
44,20,13.042874396135266,12.4906238168501
44,21,19.27415458937198,13.94979201171277
44,22,330.6455314009662,223.81344590109475
44,23,11.6243961352657,13.90247373923692
44,24,971.4415932487923,310.00357627698963
44,25,558.7650966183575,285.62190123801537
44,26,20.620169082125603,21.199328586994675
44,27,26.761473429951693,25.858513262753892
44,28,1249.5567763949275,494.1012324464624
44,29,470.1997909239131,121.26050707070696
44,30,6440.856569082125,5555.997357401472
44,31,17.839975845410628,56.59718585127182
44,32,123.34014592089373,39.38299802733206
45,0,15.746376811594203,7.865311745794404
45,1,0.0,0.0
45,2,10.001207729468598,6.4357384703181415
45,3,6812.225241545893,3812.3828826732038
45,4,0.3496376811594203,1.4001639486671726
45,5,1142.8159147705314,378.38241436047
45,6,23.469202898550726,24.096237428615474
45,7,2510.6521739130435,800.0261089592134
45,8,2126.4468599033817,805.7752654700352
45,9,644.9195876086957,239.63704338133383
45,10,413.44746376811594,140.22458341591835
45,11,524.7058381576087,705.9619629740483
45,12,9759.326866545893,3968.1183271656046
45,13,83.29408212560386,35.80382755623533
45,14,1.0929951690821256,1.3268500153064182
45,15,47.89251207729468,48.286274138528476
45,16,52.132850241545896,63.19579115659094
45,17,1.3623188405797102,1.4618220422382207
45,18,415.31038647342996,373.07001882951926
45,19,16.32367149758454,18.773583550340852
45,20,18.065217391304348,21.944160892914145
45,21,5.053743961352657,4.15138143843655
45,22,209.48067632850243,191.88035260808886
45,23,8.873792270531402,11.124307849327563
45,24,1194.0739168236717,378.2197881810268
45,25,637.1219806763285,293.74109009811
45,26,13.745169082125605,13.76866404480277
45,27,19.11533816425121,20.73150135143056
45,28,1284.1966636775364,491.2585105705203
45,29,326.5775460144927,96.46474845420308
45,30,4174.868995591787,3598.8623051092313
45,31,16.543478260869566,64.70552804246255
45,32,97.31576776328502,37.32665193044297
46,0,15.255434782608695,8.473201083913498
46,1,0.0,0.0
46,2,11.843599033816425,7.5856635391479825
46,3,4709.71074879227,2812.078348541798
46,4,0.12016908212560387,0.6076483085323604
46,5,782.4023883695652,343.89576718422734
46,6,14.43780193236715,14.902170275225108
46,7,2300.2228260869565,920.6245997374821
46,8,1440.9124396135267,641.7244621953449
46,9,810.9795244927536,319.91679978096977
46,10,178.8852657004831,86.0257047248302
46,11,397.3589718900966,774.0619791753736
46,12,8555.56038647343,3607.1090284574225
46,13,42.05615942028985,31.12349223151451
46,14,1.5356280193236715,1.6551481431419262
46,15,27.657608695652176,32.932420633468766
46,16,34.77415458937198,48.951443564816444
46,17,1.3985507246376812,1.624390477690496
46,18,431.78442028985506,400.03248813536715
46,19,20.808574879227052,24.820446671095514
46,20,10.73611111111111,15.12852651566169
46,21,7.567028985507246,8.577866543061814
46,22,121.30193236714976,120.31407798683668
46,23,4.615942028985507,6.837418778098245
46,24,1166.5315922222221,359.50480856454175
46,25,746.197463768116,355.65627218597643
46,26,13.356280193236715,13.554629195220862
46,27,16.180555555555557,18.609145883325255
46,28,1011.7841358514494,427.8760040922945
46,29,173.25434784541065,62.43481408648855
46,30,1913.898795652174,1750.5498558302952
46,31,13.155797101449275,49.99614368420567
46,32,50.411632895048314,23.352142652448194
47,0,16.067028985507246,7.9180683575712685
47,1,0.0,0.0
47,2,12.322463768115941,7.844169784364504
47,3,6466.217391304348,3519.852002496674
47,4,0.3508454106280193,1.255118539297741
47,5,1111.2872879770532,373.5693587650312
47,6,17.32487922705314,18.28656110934883
47,7,2326.564009661836,736.3863515439207
47,8,1998.7324879227053,771.456332403153
47,9,642.6741530072463,226.08488483312783
47,10,356.72342995169083,125.92754673916627
47,11,428.0272233816425,589.0646486532933
47,12,9254.520223429952,3205.989442805349
47,13,64.52113526570048,35.749373140222346
47,14,1.7995169082125604,1.8132509259779397
47,15,40.820048309178745,44.053266126732375
47,16,45.32789855072464,65.48945142838586
47,17,1.8532608695652173,1.9187959453631849
47,18,424.2693236714976,375.5957570822019
47,19,19.16485507246377,21.53793806687022
47,20,16.34963768115942,16.89771181317795
47,21,5.044082125603865,4.7602192188997385
47,22,167.4746376811594,133.9798626136456
47,23,7.483695652173913,9.778253193602241
47,24,896.481399963768,304.7145725904291
47,25,705.2155797101449,313.96185235785896
47,26,13.748188405797102,14.085496270112667
47,27,18.442028985507246,18.763505666152874
47,28,1158.9296685084541,416.968326058328
47,29,288.72590829468595,88.8775123547972
47,30,3861.7096399758457,3335.8174428950465
47,31,12.61352657004831,58.94792959064862
47,32,85.84194899577295,32.11951645592065
48,0,13.629227053140097,8.04430125775104
48,1,0.0,0.0
48,2,10.602053140096618,7.615485615488498
48,3,3786.227657004831,2450.6394952036812
48,4,0.034420289855072464,0.287754136702292
48,5,710.2087717149758,325.45417091383257
48,6,14.553743961352657,14.981261544163978
48,7,2144.9692028985505,951.5231216395705
48,8,1209.584541062802,618.8615842999196
48,9,652.9095284842995,273.20819705246794
48,10,142.29649758454107,76.25219493521912
48,11,310.957259785628,623.2255517164638
48,12,7659.4475307971015,3453.6967260365327
48,13,43.1292270531401,27.729687270853802
48,14,0.9015700483091788,1.211464848968654
48,15,32.890700483091784,38.01498525317427
48,16,24.833937198067634,43.92137532123104
48,17,0.8635265700483091,1.2637538205406416
48,18,395.77536231884056,378.44480808997963
48,19,16.842995169082126,21.19535346024
48,20,6.311594202898551,9.97723140254864
48,21,5.319444444444445,6.752061960494871
48,22,104.42028985507247,108.68155616992759
48,23,3.082729468599034,4.860200663668012
48,24,981.1720434239131,364.1593156715721
48,25,709.5314009661836,367.5929102334088
48,26,9.780193236714975,10.36389241865024
48,27,13.85084541062802,15.614002523810164
48,28,895.1390464070048,419.0013041558351
48,29,131.47874998671497,62.91821276603183
48,30,1399.5950304347825,1327.5162226070222
48,31,16.470410628019323,68.61447334006581
48,32,29.980221211050722,14.801061010816493
49,0,10.47463768115942,5.908206939013284
49,1,0.0,0.0
49,2,7.911231884057971,5.117587179713474
49,3,5532.677536231884,2809.3591530164085
49,4,0.2741545893719807,1.1606680585985074
49,5,1036.80941625,383.6584837619551
49,6,21.096014492753625,20.899352158907355
49,7,1691.625,520.495605168766
49,8,1911.8218599033817,756.6275590480298
49,9,369.5720151751208,134.8470410390087
49,10,432.53864734299515,123.83611020732585
49,11,431.18108785628016,557.7044973581804
49,12,6640.332125603864,2556.3074553430124
49,13,64.64794685990339,26.087903379357826
49,14,1.71256038647343,1.915303095599467
49,15,40.34903381642512,67.84064435319182
49,16,26.33695652173913,28.93413687834467
49,17,1.0169082125603865,1.2898690933481627
49,18,291.4812801932367,253.92775029206686
49,19,10.877415458937199,11.664341699119378
49,20,16.935990338164252,17.403288486273585
49,21,9.095410628019323,7.8856221268046465
49,22,219.28804347826087,166.85816036900502
49,23,8.583333333333334,9.721950123272377
49,24,731.9141207306762,288.48906107465183
49,25,396.35990338164254,189.89150264821407
49,26,10.51388888888889,10.529879241052646
49,27,20.629830917874397,21.114993546741765
49,28,884.0793551533817,388.9810633906129
49,29,298.49988951086954,78.9108768513266
49,30,4841.767660809179,4114.775608541053
49,31,9.071256038647343,35.2981910458629
49,32,86.10917479589372,28.76289003382962
50,0,11.66364734299517,6.487527032002697
50,1,0.0,0.0
50,2,7.731884057971015,5.221206845115391
50,3,3251.829106280193,1776.885469404799
50,4,0.17572463768115942,0.6995311897686072
50,5,580.2666932306763,176.02250988168095
50,6,22.495169082125603,25.49730109943165
50,7,1604.8756038647343,481.2691632309061
50,8,1013.06038647343,376.5199560687823
50,9,460.4846318236715,145.97512277986576
50,10,114.70410628019323,39.38941084931038
50,11,266.69992331582125,590.9705209121919
50,12,6029.209115338164,1878.414455845236
50,13,46.772946859903385,34.95344014049518
50,14,1.4963768115942029,1.8603800834523245
50,15,49.733695652173914,73.31063552333596
50,16,45.61413043478261,81.0970491278779
50,17,0.6594202898550725,1.1471527984044523
50,18,273.8659420289855,242.06252499202955
50,19,13.3743961352657,14.903108505934565
50,20,5.218599033816425,9.548314640668032
50,21,6.066425120772947,6.057363910550767
50,22,113.73490338164251,86.99982506001982
50,23,4.745169082125604,6.143818220609184
50,24,611.8056724939614,183.07654288871248
50,25,491.7004830917874,203.84554226046816
50,26,5.723429951690822,6.112803210669495
50,27,14.417270531400966,14.531405016721584
50,28,440.19318494565215,140.29003980778668
50,29,122.27821740277778,41.029937173711595
50,30,1466.279658152174,1241.0664856751932
50,31,11.441425120772946,48.09821471482391
50,32,23.740537147524154,9.517621675742044
51,0,6.999396135265701,4.127792428161948
51,1,0.0,0.0
51,2,4.819444444444445,3.170770383853616
51,3,4110.449275362319,1538.1737277566547
51,4,0.15640096618357488,0.6496534747973617
51,5,857.6928396859903,215.65820792281565
51,6,9.76086956521739,10.239350206790315
51,7,1453.4118357487923,311.2926883845865
51,8,1471.727657004831,405.1856134830069
51,9,258.8130045289855,68.94356728501549
51,10,335.2542270531401,69.88976201193542
51,11,330.0990296799517,304.4353321146088
51,12,4906.201690821256,1239.1806572450166
51,13,31.954106280193237,20.409027563531776
51,14,1.4184782608695652,1.7017841295817473
51,15,21.178140096618357,30.787218761629525
51,16,20.4987922705314,34.44682400949486
51,17,1.0966183574879227,1.342437937107731
51,18,204.57427536231884,171.7061616838478
51,19,2.597826086956522,3.985332031860967
51,20,17.528381642512077,19.336090358970534
51,21,6.590579710144928,5.729048947160395
51,22,161.1322463768116,140.27466806351154
51,23,5.927536231884058,6.707767258924157
51,24,636.0753106400966,187.75445389632117
51,25,288.33152173913044,114.43483348413156
51,26,11.219806763285025,10.734927333563872
51,27,7.271135265700483,7.955285167363827
51,28,852.7879831944445,700.7182847705918
51,29,168.9534080205314,48.24678288555326
51,30,3420.984523067633,2914.0279628191133
51,31,6.159420289855072,19.399160804153993
51,32,65.65832783997584,21.061511003844483
52,0,0.9039855072463768,3.7587146430349914
52,1,0.0,0.0
52,2,0.5869565217391305,2.330602694359212
52,3,324.756038647343,1211.7357432393728
52,4,0.0,0.0
52,5,58.88939438405797,218.73405379261223
52,6,0.8109903381642513,3.311778848214902
52,7,121.625,452.32501356911723
52,8,84.89371980676329,314.86534338997717
52,9,26.971270507246377,101.3233188160636
52,10,15.097826086956522,55.99106614200497
52,11,24.53024759661836,94.30560216027165
52,12,444.57306763285027,1661.0675894291155
52,13,3.42512077294686,14.236388314852407
52,14,0.23852657004830918,1.0454279699631244
52,15,4.182367149758454,16.974602053556367
52,16,3.7868357487922704,14.932350027810948
52,17,0.07065217391304347,0.40891404015631816
52,18,26.779589371980677,101.8204941120451
52,19,0.7632850241545893,3.428264226533548
52,20,4.653381642512077,25.32554256837072
52,21,0.6056763285024155,2.857703495886171
52,22,14.945652173913043,60.83335222075381
52,23,0.7530193236714976,3.0045267864511547
52,24,35.85683571859904,137.18174370040362
52,25,27.445652173913043,105.42711607000001
52,26,1.0513285024154588,4.142086480174152
52,27,2.0247584541062804,7.792939127423948
52,28,35.243397880434784,131.53533189291628
52,29,9.632370791062801,35.70457595305645
52,30,350.9406481280193,1314.657750030762
52,31,1.3478260869565217,10.777442375323647
52,32,0.7363985501207729,3.1429740780888284
53,0,4.807971014492754,5.533252119931306
53,1,0.013285024154589372,0.16618653202090525
53,2,3.4118357487922704,3.835052831859856
53,3,1263.7675120772947,1144.725114958612
53,4,0.0464975845410628,0.2860499671035862
53,5,316.38415218599033,257.60610935068445
53,6,5.326086956521739,6.8522566923997195
53,7,646.0519323671498,580.0201900506174
53,8,346.71014492753625,298.47937159646295
53,9,148.69680343599035,125.12013743545609
53,10,65.39915458937197,52.109698135454906
53,11,115.19664264070049,196.7240959954782
53,12,1939.5440821256038,1652.7859978082631
53,13,10.48611111111111,14.644832060350328
53,14,0.9269323671497585,1.4116816943982695
53,15,14.347222222222221,20.793377798114474
53,16,13.86413043478261,18.854546269104226
53,17,0.09118357487922706,0.3345477898323557
53,18,118.02355072463769,126.05621937059298
53,19,2.696256038647343,4.145701139497392
53,20,3.6823671497584543,11.320086820863477
53,21,4.940821256038648,33.39117419149953
53,22,70.06400966183575,163.21371679622584
53,23,2.114130434782609,3.1848801926582357
53,24,170.16125496249998,139.58033318815998
53,25,177.57971014492753,286.122211522352
53,26,2.125,3.0198862546355207
53,27,3.531400966183575,4.814025778831041
53,28,139.44548702173913,126.78359139436252
53,29,50.854968015700486,43.02051419386159
53,30,1128.0365332729468,1141.4006667596161
53,31,0.7657004830917874,4.492833621459243
53,32,3.9550054952898552,4.361474603795552
54,0,5.7022946859903385,3.443127160097367
54,1,0.18297101449275363,0.6854375551861999
54,2,0.6274154589371981,0.9491975743461218
54,3,1301.5573671497584,1047.8612222608006
54,4,0.0,0.0
54,5,219.32185990338164,78.31635994379998
54,6,2.981280193236715,3.651959676384692
54,7,1044.8103864734298,437.4943890611991
54,8,182.56219806763286,99.62103295796882
54,9,185.1584595410628,70.57590777524908
54,10,71.23550724637681,41.296014541642045
54,11,34.28232728333334,43.8532166046891
54,12,2656.5560356280193,1013.4019775942517
54,13,7.988526570048309,6.345956773767077
54,14,0.7022946859903382,1.0675751896776395
54,15,15.19927536231884,15.334975506821804
54,16,8.831521739130435,9.629197623229095
54,17,0.1823671497584541,0.43483171782142643
54,18,135.55193236714976,122.33392351341115
54,19,0.0,0.0
54,20,0.0,0.0
54,21,4.316425120772947,4.00514723482638
54,22,23.857487922705314,25.73873340064233
54,23,0.4607487922705314,0.9029821929495836
54,24,52.17843560748792,16.51183546844736
54,25,182.54227053140096,77.22054201702743
54,26,0.10386473429951691,0.38720882497596104
54,27,2.002415458937198,2.6717714614265207
54,28,53.273700596437195,26.444341036270032
54,29,61.59903381642512,28.522443153004573
54,30,360.01226713164255,317.3352027421075
54,31,0.6177536231884058,2.99052259712485
54,32,1.748792270531401,2.2688615381906847
